{"n_labeling_functions": 302, "coverage_train": 0.7906064742683768, "coverage_herzig": 0.8009205983889528, "coverage_berger": 0.9013333333333333, "coverage_1151_commits": 0.8575152041702867, "majority_accuracy_herzig": 0.7040659762178749, "majority_accuracy_berger": 0.7546666666666667, "majority_accuracy_1151_commits": 0.790616854908775}