{"n_labeling_functions": 300, "coverage_train": 0.7752287603768215, "coverage_herzig": 0.7928653624856157, "coverage_berger": 0.8906666666666667, "coverage_1151_commits": 0.8279756733275413, "majority_accuracy_herzig": 0.7008055235903338, "majority_accuracy_berger": 0.7493333333333333, "majority_accuracy_1151_commits": 0.788010425716768}