{"label_model_acc_herzig": 0.7203682393555811, "label_model_acc_berger": 0.736, "label_model_acc_1151_commits": 0.794092093831451}