{"label_model_acc_herzig": 0.7220943613348677, "label_model_acc_berger": 0.7493333333333333, "label_model_acc_1151_commits": 0.7966985230234579}