{"label_model_acc_herzig": 0.715765247410817, "label_model_acc_berger": 0.76, "label_model_acc_1151_commits": 0.7958297132927888}