{"label_model_acc_herzig": 0.7000383582662064, "label_model_acc_berger": 0.776, "label_model_acc_1151_commits": 0.8097306689834927}