{"majority_accuracy": 0.5294725956566702, "coverage": 0.3329886246122027}