{"majority_accuracy": 0.7071346375143843, "coverage": 0.805331799002685}