{"majority_accuracy": 0.7487073422957601, "coverage": 0.8541882109617374}