{"majority_accuracy": 0.7932232841007819, "coverage": 0.8592528236316247}