{"n_labeling_functions": 306, "coverage_train": 0.6924, "coverage_test": 0.8080118694362017, "majority_accuracy_test": 0.7222551928783383}