{"n_labeling_functions": 302, "coverage_train": 0.6234, "coverage_test": 0.7146884272997033, "majority_accuracy_test": 0.7151335311572701}