{"n_labeling_functions": 302, "coverage_train": 0.61467, "coverage_test": 0.7152818991097922, "majority_accuracy_test": 0.7114243323442137}