{"n_labeling_functions": 7, "coverage_train": 0.98444, "coverage_test": 0.9486646884272997, "majority_accuracy_test": 0.3580118694362018}