{"n_labeling_functions": 302, "coverage_train": 0.61468, "coverage_test": 0.7154302670623145, "majority_accuracy_test": 0.7115727002967359}