{"label_model_acc_herzig": 0.7171077867280399, "label_model_acc_berger": 0.76, "label_model_acc_1151_commits": 0.7975673327541268}