{"majority_accuracy": 0.790616854908775, "coverage": 0.8575152041702867}