{"majority_accuracy": 0.6841196777905638, "coverage": 0.805331799002685}