{"majority_accuracy": 0.6223929747530187, "coverage": 0.9548552517325557}