{"majority_accuracy_datasets.1151-commits": 0.790616854908775, "coverage_datasets.1151-commits": 0.8575152041702867, "majority_accuracy_datasets.berger": 0.7546666666666667, "coverage_datasets.berger": 0.9013333333333333, "majority_accuracy_datasets.herzig": 0.7040659762178749, "coverage_datasets.herzig": 0.8009205983889528, "coverage_datasets.bugginess-train": 0.7906064742683768}