{"majority_accuracy": 0.7253333333333334, "coverage": 0.9013333333333333}