{"majority_accuracy": 0.7680278019113814, "coverage": 0.8592528236316247}