{"label_model_acc_1151-commits": 0.6090356211989574, "label_model_acc_berger": 0.696, "label_model_acc_herzig": 0.593210586881473}