{"majority_accuracy": 0.733195449844881, "coverage": 0.8748707342295761}