{"majority_accuracy": 0.7706666666666667, "coverage": 0.9386666666666666}