{"majority_accuracy": 0.789748045178106, "coverage": 0.9061685490877498}