{"majority_accuracy": 0.6967779056386652, "coverage": 0.8367855772919064}