{
    "Conflicts": {
        "long_method_0": 0.0,
        "many_indentation_levels2_2": 0.0,
        "many_indentation_levels_1": 0.0
    },
    "Coverage": {
        "long_method_0": 0.4822064056939502,
        "many_indentation_levels2_2": 0.042704626334519574,
        "many_indentation_levels_1": 0.11387900355871886
    },
    "Overlaps": {
        "long_method_0": 0.11387900355871886,
        "many_indentation_levels2_2": 0.042704626334519574,
        "many_indentation_levels_1": 0.11387900355871886
    },
    "Polarity": {
        "long_method_0": [
            1
        ],
        "many_indentation_levels2_2": [
            1
        ],
        "many_indentation_levels_1": [
            1
        ]
    }
}