{"majority_accuracy_datasets.smells-test": 0.7253521126760564, "coverage_datasets.smells-test": 0.5774647887323944, "coverage_datasets.smells-train": 0.4822064056939502}