{"majority_accuracy": 0.7183098591549296, "coverage": 0.528169014084507}