{"majority_accuracy": 0.7253521126760564, "coverage": 0.5774647887323944}