{"majority_accuracy": 0.6056338028169014, "coverage": 0.8380281690140845}