{
    "Conflicts": {
        "bug_issue_body_keywords": 0.16927974108276242,
        "bug_issue_label_keywords": 0.17505499084293452,
        "bug_message_keywords": 0.33487243093440827,
        "bugless_issue_body_keywords": 0.17968681867072356,
        "bugless_issue_label_keywords": 0.00031492553222414943,
        "bugless_message_keywords": 0.21547204914776305,
        "github_ref_in_message": 0.0004990358433705753,
        "is_fix": 0.41378792430159206,
        "manual_labels": 4.8450081880638377e-05,
        "version_in_message": 0.0053391990232463495
    },
    "Coverage": {
        "bug_issue_body_keywords": 0.17253074157695328,
        "bug_issue_label_keywords": 0.1812614463318443,
        "bug_message_keywords": 0.3558270913477844,
        "bugless_issue_body_keywords": 0.19517146483977557,
        "bugless_issue_label_keywords": 0.00036337561410478784,
        "bugless_message_keywords": 0.5627525460518028,
        "github_ref_in_message": 0.0005184158761228307,
        "is_fix": 1.0,
        "manual_labels": 0.00019864533571061735,
        "version_in_message": 0.014074748786325449
    },
    "Overlaps": {
        "bug_issue_body_keywords": 0.17253074157695328,
        "bug_issue_label_keywords": 0.1812614463318443,
        "bug_message_keywords": 0.3558270913477844,
        "bugless_issue_body_keywords": 0.19517146483977557,
        "bugless_issue_label_keywords": 0.00036337561410478784,
        "bugless_message_keywords": 0.5627525460518028,
        "github_ref_in_message": 0.0005184158761228307,
        "is_fix": 0.7895473793350711,
        "manual_labels": 0.00019864533571061735,
        "version_in_message": 0.014074748786325449
    },
    "Polarity": {
        "bug_issue_body_keywords": [
            1
        ],
        "bug_issue_label_keywords": [
            1
        ],
        "bug_message_keywords": [
            1
        ],
        "bugless_issue_body_keywords": [
            0
        ],
        "bugless_issue_label_keywords": [
            0
        ],
        "bugless_message_keywords": [
            0
        ],
        "github_ref_in_message": [
            1
        ],
        "is_fix": [
            0,
            1
        ],
        "manual_labels": [
            0,
            1
        ],
        "version_in_message": [
            0
        ]
    }
}