{
    "Conflicts": {
        "bug_issue_body_keywords": 0.15503541700985474,
        "bug_issue_label_keywords": 0.14865454122617466,
        "bug_message_keywords": 0.2499006773321447,
        "bugless_issue_body_keywords": 0.18007441932576865,
        "bugless_issue_label_keywords": 0.0003197705404122133,
        "bugless_message_keywords": 0.22048663262240914,
        "github_ref_in_message": 0.00041667070417349003,
        "is_fix": 0.33344315351892945,
        "manual_labels": 2.9070049128383027e-05,
        "version_in_message": 0.005431254178819562
    },
    "Coverage": {
        "bug_issue_body_keywords": 0.17253074157695328,
        "bug_issue_label_keywords": 0.1812614463318443,
        "bug_message_keywords": 0.3558270913477844,
        "bugless_issue_body_keywords": 0.19517146483977557,
        "bugless_issue_label_keywords": 0.00036337561410478784,
        "bugless_message_keywords": 0.5627525460518028,
        "github_ref_in_message": 0.0005184158761228307,
        "is_fix": 1.0,
        "manual_labels": 0.00019864533571061735,
        "version_in_message": 0.014074748786325449
    },
    "Overlaps": {
        "bug_issue_body_keywords": 0.17253074157695328,
        "bug_issue_label_keywords": 0.1812614463318443,
        "bug_message_keywords": 0.3558270913477844,
        "bugless_issue_body_keywords": 0.19517146483977557,
        "bugless_issue_label_keywords": 0.00036337561410478784,
        "bugless_message_keywords": 0.5627525460518028,
        "github_ref_in_message": 0.0005184158761228307,
        "is_fix": 0.7895473793350711,
        "manual_labels": 0.00019864533571061735,
        "version_in_message": 0.014074748786325449
    },
    "Polarity": {
        "bug_issue_body_keywords": [
            1
        ],
        "bug_issue_label_keywords": [
            1
        ],
        "bug_message_keywords": [
            1
        ],
        "bugless_issue_body_keywords": [
            0
        ],
        "bugless_issue_label_keywords": [
            0
        ],
        "bugless_message_keywords": [
            0
        ],
        "github_ref_in_message": [
            1
        ],
        "is_fix": [
            0,
            1
        ],
        "manual_labels": [
            0,
            1
        ],
        "version_in_message": [
            0
        ]
    }
}