{"n_labeling_functions": 306, "coverage_train": 0.8952598245165523, "coverage_datasets.1151-commits": 1.0, "majority_accuracy_datasets.1151-commits": 0.7124239791485665, "coverage_datasets.berger": 1.0, "majority_accuracy_datasets.berger": 0.7653333333333333, "coverage_datasets.herzig": 1.0, "majority_accuracy_datasets.herzig": 0.6401994629842731}