{"majority_accuracy": 0.7546666666666667, "coverage": 0.9013333333333333}