{"majority_accuracy": 0.7573333333333333, "coverage": 0.9013333333333333}