{"n_labeling_functions": 316, "coverage_train": 0.7906064742683768, "coverage_datasets.1151-commits": 0.8575152041702867, "majority_accuracy_datasets.1151-commits": 0.8149435273675065, "coverage_datasets.berger": 0.9013333333333333, "majority_accuracy_datasets.berger": 0.7813333333333333, "coverage_datasets.herzig": 0.8009205983889528, "majority_accuracy_datasets.herzig": 0.7209436133486766}