{"majority_accuracy": 0.7040659762178749, "coverage": 0.8009205983889528}