{"label_model_acc_herzig": 0.5747986191024166, "label_model_acc_berger": 0.656, "label_model_acc_1151-commits": 0.6038227628149435}