{"label_model_acc_herzig": 0.6482546988876102, "label_model_acc_berger": 0.7386666666666667, "label_model_acc_1151_commits": 0.6741963509991312}