{"label_model_acc_datasets.1151-commits": 0.7541268462206777, "label_model_acc_datasets.berger": 0.7173333333333334, "label_model_acc_datasets.herzig": 0.6927502876869965}