{"label_model_acc_datasets.1151-commits": 0.7966985230234579, "label_model_acc_datasets.berger": 0.7493333333333333, "label_model_acc_datasets.herzig": 0.7220943613348677}