{"label_model_acc_datasets.1151-commits": 0.6741963509991312, "label_model_acc_datasets.berger": 0.7386666666666667, "label_model_acc_datasets.herzig": 0.6482546988876102}