{"majority_accuracy": 0.5019179133103183, "coverage": 0.25182201764480244}