{"majority_accuracy": 0.5725456125108601, "coverage": 0.35968722849695917}