{"label_model_acc_herzig": 0.7165324127349444, "label_model_acc_berger": 0.76, "label_model_acc_1151_commits": 0.7958297132927888}