{"label_model_acc_herzig": 0.7153816647487533, "label_model_acc_berger": 0.76, "label_model_acc_1151_commits": 0.8053866203301477}