{"label_model_acc_herzig": 0.5433448408131952, "label_model_acc_berger": 0.5466666666666666, "label_model_acc_1151_commits": 0.5369244135534318}