,j,Polarity,Coverage,Overlaps,Conflicts,Correct,Incorrect,Emp. Acc.
long_method,0,[1],0.5774647887323944,0.14788732394366197,0.0,71,11,0.8658536585365854
many_indentation_levels,1,[1],0.14788732394366197,0.14788732394366197,0.0,19,2,0.9047619047619048
many_indentation_levels2,2,[1],0.035211267605633804,0.035211267605633804,0.0,5,0,1.0
