,j,Polarity,Coverage,Overlaps,Conflicts,Correct,Incorrect,Emp. Acc.
long_method,0,[1],0.528169014084507,0.13380281690140844,0.0,65,10,0.8666666666666667
many_indentation_levels,1,[1],0.13380281690140844,0.13380281690140844,0.0,17,2,0.8947368421052632
many_indentation_levels2,2,[1],0.035211267605633804,0.035211267605633804,0.0,5,0,1.0
