,j,Polarity,Coverage,Overlaps,Conflicts
long_method,0,[1],0.4822064056939502,0.4822064056939502,0.0
many_indentation_levels,1,[1],0.11387900355871886,0.11387900355871886,0.0
many_indentation_levels2,2,[1],0.042704626334519574,0.042704626334519574,0.0
long_method_test,3,[1],0.5854092526690391,0.4822064056939502,0.0
