,j,Polarity,Coverage,Overlaps,Conflicts
long_method,0,[1],0.4288256227758007,0.09074733096085409,0.0
many_indentation_levels,1,[1],0.09074733096085409,0.09074733096085409,0.0
many_indentation_levels2,2,[1],0.03558718861209965,0.03558718861209965,0.0
