heuristic_name,00,01,10,11
long_method,0.001,0.001,0.21058778,0.7574804
many_indentation_levels,0.001,0.001,0.001,0.30417565
many_indentation_levels2,0.001,0.001,0.001,0.14138712
