{"n_labeling_functions": 305, "coverage_train": 0.8952598245165523, "coverage_herzig": 1.0, "coverage_berger": 1.0, "coverage_1151_commits": 1.0, "majority_accuracy_herzig": 0.6401994629842731, "majority_accuracy_berger": 0.7653333333333333, "majority_accuracy_1151_commits": 0.7124239791485665}