{"label_model_acc_herzig": 0.7025316455696202, "label_model_acc_berger": 0.7733333333333333, "label_model_acc_1151_commits": 0.7819287576020851}