{"label_model_acc_herzig": 0.5272343690065209, "label_model_acc_berger": 0.672, "label_model_acc_1151_commits": 0.6046915725456126}